<?xml version="1.0"?>
<!--<!DOCTYPE metadata SYSTEM "http://www.esri.com/metadata/esriprof80.dtd">-->
<metadata xml:lang="en"><Esri><CreaDate>20120627</CreaDate><CreaTime>15365400</CreaTime><SyncOnce>FALSE</SyncOnce><DataProperties><lineage><Process Name="AddGlobalIDs_1" ToolSource="C:\Program Files\ArcGIS\ArcToolbox\Toolboxes\Data Management Tools.tbx\AddGlobalIDs" Date="20100416" Time="173510">AddGlobalIDs 'Database Connections\DPR@ParksGIS@gis2.gis.parks.sde\ParksGIS.DPR.Parks\ParksGIS.DPR.Beach';'Database Connections\DPR@ParksGIS@gis2.gis.parks.sde\ParksGIS.DPR.Parks\ParksGIS.DPR.BicycleTrails';'Database Connections\DPR@ParksGIS@gis2.gis.parks.sde\ParksGIS.DPR.Parks\ParksGIS.DPR.Building';'Database Connections\DPR@ParksGIS@gis2.gis.parks.sde\ParksGIS.DPR.Parks\ParksGIS.DPR.Football';'Database Connections\DPR@ParksGIS@gis2.gis.parks.sde\ParksGIS.DPR.Parks\ParksGIS.DPR.Golfcourse';'Database Connections\DPR@ParksGIS@gis2.gis.parks.sde\ParksGIS.DPR.Parks\ParksGIS.DPR.Greenstreet';'Database Connections\DPR@ParksGIS@gis2.gis.parks.sde\ParksGIS.DPR.Parks\ParksGIS.DPR.Handball';'Database Connections\DPR@ParksGIS@gis2.gis.parks.sde\ParksGIS.DPR.Parks\ParksGIS.DPR.KayakCanoeLaunch';'Database Connections\DPR@ParksGIS@gis2.gis.parks.sde\ParksGIS.DPR.Parks\ParksGIS.DPR.Landfill';'Database Connections\DPR@ParksGIS@gis2.gis.parks.sde\ParksGIS.DPR.Parks\ParksGIS.DPR.Monument';'Database Connections\DPR@ParksGIS@gis2.gis.parks.sde\ParksGIS.DPR.Parks\ParksGIS.DPR.Playground';'Database Connections\DPR@ParksGIS@gis2.gis.parks.sde\ParksGIS.DPR.Parks\ParksGIS.DPR.Pool';'Database Connections\DPR@ParksGIS@gis2.gis.parks.sde\ParksGIS.DPR.Parks\ParksGIS.DPR.Property';'Database Connections\DPR@ParksGIS@gis2.gis.parks.sde\ParksGIS.DPR.Parks\ParksGIS.DPR.Soccer';'Database Connections\DPR@ParksGIS@gis2.gis.parks.sde\ParksGIS.DPR.Parks\ParksGIS.DPR.SprayShower';'Database Connections\DPR@ParksGIS@gis2.gis.parks.sde\ParksGIS.DPR.Parks\ParksGIS.DPR.Tennis';'Database Connections\DPR@ParksGIS@gis2.gis.parks.sde\ParksGIS.DPR.Parks\ParksGIS.DPR.Track';'Database Connections\DPR@ParksGIS@gis2.gis.parks.sde\ParksGIS.DPR.Parks\ParksGIS.DPR.WaterFountain';'Database Connections\DPR@ParksGIS@gis2.gis.parks.sde\ParksGIS.DPR.Parks\ParksGIS.DPR.Zone' 'Database Connections\DPR@ParksGIS@gis2.gis.parks.sde\ParksGIS.DPR.Parks\ParksGIS.DPR.Beach';'Database Connections\DPR@ParksGIS@gis2.gis.parks.sde\ParksGIS.DPR.Parks\ParksGIS.DPR.BicycleTrails';'Database Connections\DPR@ParksGIS@gis2.gis.parks.sde\ParksGIS.DPR.Parks\ParksGIS.DPR.Building';'Database Connections\DPR@ParksGIS@gis2.gis.parks.sde\ParksGIS.DPR.Parks\ParksGIS.DPR.Football';'Database Connections\DPR@ParksGIS@gis2.gis.parks.sde\ParksGIS.DPR.Parks\ParksGIS.DPR.Golfcourse';'Database Connections\DPR@ParksGIS@gis2.gis.parks.sde\ParksGIS.DPR.Parks\ParksGIS.DPR.Greenstreet';'Database Connections\DPR@ParksGIS@gis2.gis.parks.sde\ParksGIS.DPR.Parks\ParksGIS.DPR.Handball';'Database Connections\DPR@ParksGIS@gis2.gis.parks.sde\ParksGIS.DPR.Parks\ParksGIS.DPR.KayakCanoeLaunch';'Database Connections\DPR@ParksGIS@gis2.gis.parks.sde\ParksGIS.DPR.Parks\ParksGIS.DPR.Landfill';'Database Connections\DPR@ParksGIS@gis2.gis.parks.sde\ParksGIS.DPR.Parks\ParksGIS.DPR.Monument';'Database Connections\DPR@ParksGIS@gis2.gis.parks.sde\ParksGIS.DPR.Parks\ParksGIS.DPR.Playground';'Database Connections\DPR@ParksGIS@gis2.gis.parks.sde\ParksGIS.DPR.Parks\ParksGIS.DPR.Pool';'Database Connections\DPR@ParksGIS@gis2.gis.parks.sde\ParksGIS.DPR.Parks\ParksGIS.DPR.Property';'Database Connections\DPR@ParksGIS@gis2.gis.parks.sde\ParksGIS.DPR.Parks\ParksGIS.DPR.Soccer';'Database Connections\DPR@ParksGIS@gis2.gis.parks.sde\ParksGIS.DPR.Parks\ParksGIS.DPR.SprayShower';'Database Connections\DPR@ParksGIS@gis2.gis.parks.sde\ParksGIS.DPR.Parks\ParksGIS.DPR.Tennis';'Database Connections\DPR@ParksGIS@gis2.gis.parks.sde\ParksGIS.DPR.Parks\ParksGIS.DPR.Track';'Database Connections\DPR@ParksGIS@gis2.gis.parks.sde\ParksGIS.DPR.Parks\ParksGIS.DPR.WaterFountain';'Database Connections\DPR@ParksGIS@gis2.gis.parks.sde\ParksGIS.DPR.Parks\ParksGIS.DPR.Zone'</Process><Process Name="Add Field (9)" ToolSource="C:\Program Files\ArcGIS\ArcToolbox\Toolboxes\Data Management Tools.tbx\AddField" Date="20100518" Time="081013">AddField "Database Connections\DPR@ParksGIS@gis2.gis.parks.sde\ParksGIS.DPR.Parks\ParksGIS.DPR.Greenstreet" Precinct LONG 10 # # # NULLABLE NON_REQUIRED # "Database Connections\DPR@ParksGIS@gis2.gis.parks.sde\ParksGIS.DPR.Parks\ParksGIS.DPR.Greenstreet"</Process><Process Name="Add Field (3)" ToolSource="C:\Program Files\ArcGIS\ArcToolbox\Toolboxes\Data Management Tools.tbx\AddField" Date="20100622" Time="075747">AddField "Database Connections\DPR@ParksGIS@gis2.gis.parks.sde\ParksGIS.DPR.Parks\ParksGIS.DPR.Greenstreet" ACRES DOUBLE 38 8 # # NULLABLE NON_REQUIRED # "Database Connections\DPR@ParksGIS@gis2.gis.parks.sde\ParksGIS.DPR.Parks\ParksGIS.DPR.Greenstreet"</Process><Process Name="Add Field (14)" ToolSource="C:\Program Files\ArcGIS\ArcToolbox\Toolboxes\Data Management Tools.tbx\AddField" Date="20100622" Time="075748">AddField "Database Connections\DPR@ParksGIS@gis2.gis.parks.sde\ParksGIS.DPR.Parks\ParksGIS.DPR.Greenstreet" PROPNAME TEXT # # 100 # NULLABLE NON_REQUIRED # "Database Connections\DPR@ParksGIS@gis2.gis.parks.sde\ParksGIS.DPR.Parks\ParksGIS.DPR.Greenstreet"</Process><Process Name="Add Field (15)" ToolSource="C:\Program Files\ArcGIS\ArcToolbox\Toolboxes\Data Management Tools.tbx\AddField" Date="20100622" Time="075748">AddField "Database Connections\DPR@ParksGIS@gis2.gis.parks.sde\ParksGIS.DPR.Parks\ParksGIS.DPR.Greenstreet" PROPLOCATION TEXT # # 100 # NULLABLE NON_REQUIRED # "Database Connections\DPR@ParksGIS@gis2.gis.parks.sde\ParksGIS.DPR.Parks\ParksGIS.DPR.Greenstreet"</Process><Process Name="Add Field (16)" ToolSource="C:\Program Files\ArcGIS\ArcToolbox\Toolboxes\Data Management Tools.tbx\AddField" Date="20100622" Time="075749">AddField "Database Connections\DPR@ParksGIS@gis2.gis.parks.sde\ParksGIS.DPR.Parks\ParksGIS.DPR.Greenstreet" COUNCILDISTRICT TEXT # # 50 # NULLABLE NON_REQUIRED # "Database Connections\DPR@ParksGIS@gis2.gis.parks.sde\ParksGIS.DPR.Parks\ParksGIS.DPR.Greenstreet"</Process><Process Name="Add Field (17)" ToolSource="C:\Program Files\ArcGIS\ArcToolbox\Toolboxes\Data Management Tools.tbx\AddField" Date="20100622" Time="075750">AddField "Database Connections\DPR@ParksGIS@gis2.gis.parks.sde\ParksGIS.DPR.Parks\ParksGIS.DPR.Greenstreet" ZIPCODE TEXT # # 110 # NULLABLE NON_REQUIRED # "Database Connections\DPR@ParksGIS@gis2.gis.parks.sde\ParksGIS.DPR.Parks\ParksGIS.DPR.Greenstreet"</Process><Process ToolSource="C:\Program Files\ArcGIS\ArcToolbox\Toolboxes\Data Management Tools.tbx\RemoveJoin" Date="20100714" Time="150610">RemoveJoin Greenstreet Sheet1$ Greenstreet</Process><Process ToolSource="C:\Program Files\ArcGIS\ArcToolbox\Toolboxes\Data Management Tools.tbx\AddField" Date="20120214" Time="090147">AddField "Database Connections\DPR@ParksGIS@gis2.gis.parks.sde\ParksGIS.DPR.Parks\ParksGIS.DPR.Greenstreet" AMPS_SYNC TEXT # # 3 # NULLABLE NON_REQUIRED "Yes No" "Database Connections\DPR@ParksGIS@gis2.gis.parks.sde\ParksGIS.DPR.Parks\ParksGIS.DPR.Greenstreet"</Process></lineage></DataProperties><SyncDate>20120627</SyncDate><SyncTime>15341500</SyncTime><ModDate>20120627</ModDate><ModTime>15354400</ModTime><MetaID>{B687BEEE-BC04-4105-8518-0D076FB647BA}</MetaID></Esri><idinfo><native Sync="TRUE">Microsoft Windows Vista Version 6.1 (Build 7601) Service Pack 1; ESRI ArcCatalog 9.3.1.4000</native><descript><langdata Sync="TRUE">en</langdata><abstract>A comprehensive shapefile of all small planted areas defined and maintained as Greenstreets.</abstract><purpose>To keep these sites separate and discreet from standard parks, whether on parks property or not.</purpose></descript><citation><citeinfo><origin>REQUIRED: The name of an organization or individual that developed the data set.</origin><pubdate>REQUIRED: The date when the data set is published or otherwise made available for release.</pubdate><title Sync="TRUE">ParksGIS.DPR.Greenstreet</title><ftname Sync="TRUE">ParksGIS.DPR.Greenstreet</ftname><geoform Sync="TRUE">vector digital data</geoform><onlink Sync="TRUE"></onlink></citeinfo></citation><timeperd><current>ground condition</current><timeinfo><sngdate><caldate>unknown</caldate><time>unknown</time></sngdate></timeinfo></timeperd><status><progress>Complete</progress><update>Continually</update></status><spdom><bounding><westbc Sync="TRUE">-74.250218</westbc><eastbc Sync="TRUE">-73.701106</eastbc><northbc Sync="TRUE">40.905048</northbc><southbc Sync="TRUE">40.508225</southbc></bounding><lboundng><leftbc Sync="TRUE">915082.425725</leftbc><rightbc Sync="TRUE">1066872.945306</rightbc><bottombc Sync="TRUE">124577.015988</bottombc><topbc Sync="TRUE">269011.515832</topbc></lboundng></spdom><keywords><theme><themekt>Greenstreets</themekt><themekey>Greenstreets</themekey></theme></keywords><accconst>Access is restricted to Parks Department use and other uses agreed to in writing by the Parks Department.</accconst><natvform Sync="TRUE">SDE Feature Class</natvform><datacred>When used, this data set must be accompianed with a citation that references the New York City Department of Parks and Recreation and the current date.  </datacred></idinfo><dataIdInfo><envirDesc Sync="TRUE">Microsoft Windows Vista Version 6.1 (Build 7601) Service Pack 1; ESRI ArcCatalog 9.3.1.4000</envirDesc><dataLang><languageCode Sync="TRUE" value="en"></languageCode></dataLang><idCitation><resTitle Sync="TRUE">ParksGIS.DPR.Greenstreet</resTitle><presForm><PresFormCd Sync="TRUE" value="005"></PresFormCd></presForm></idCitation><spatRpType><SpatRepTypCd Sync="TRUE" value="001"></SpatRepTypCd></spatRpType><dataExt><geoEle><GeoBndBox esriExtentType="native"><westBL Sync="TRUE">915082.425725</westBL><eastBL Sync="TRUE">1066872.945306</eastBL><northBL Sync="TRUE">269011.515832</northBL><southBL Sync="TRUE">124577.015988</southBL><exTypeCode Sync="TRUE">1</exTypeCode></GeoBndBox></geoEle></dataExt><geoBox esriExtentType="decdegrees"><westBL Sync="TRUE">-74.250218</westBL><eastBL Sync="TRUE">-73.701106</eastBL><northBL Sync="TRUE">40.905048</northBL><southBL Sync="TRUE">40.508225</southBL><exTypeCode Sync="TRUE">1</exTypeCode></geoBox></dataIdInfo><metainfo><langmeta Sync="TRUE">en</langmeta><metstdn Sync="TRUE">FGDC Content Standards for Digital Geospatial Metadata</metstdn><metstdv Sync="TRUE">FGDC-STD-001-1998</metstdv><mettc Sync="TRUE">local time</mettc><metc><cntinfo><cntorgp><cntper>REQUIRED: The person responsible for the metadata information.</cntper><cntorg>REQUIRED: The organization responsible for the metadata information.</cntorg></cntorgp><cntaddr><addrtype>REQUIRED: The mailing and/or physical address for the organization or individual.</addrtype><city>REQUIRED: The city of the address.</city><state>REQUIRED: The state or province of the address.</state><postal>REQUIRED: The ZIP or other postal code of the address.</postal></cntaddr><cntvoice>REQUIRED: The telephone number by which individuals can speak to the organization or individual.</cntvoice></cntinfo></metc><metd Sync="TRUE">20120627</metd><metextns><onlink Sync="TRUE">http://www.esri.com/metadata/esriprof80.html</onlink><metprof Sync="TRUE">ESRI Metadata Profile</metprof></metextns></metainfo><mdLang><languageCode Sync="TRUE" value="en"></languageCode></mdLang><mdStanName Sync="TRUE">ISO 19115 Geographic Information - Metadata</mdStanName><mdStanVer Sync="TRUE">DIS_ESRI1.0</mdStanVer><mdChar><CharSetCd Sync="TRUE" value="004"></CharSetCd></mdChar><mdHrLv><ScopeCd Sync="TRUE" value="005"></ScopeCd></mdHrLv><mdHrLvName Sync="TRUE">dataset</mdHrLvName><distinfo><resdesc Sync="TRUE">Downloadable Data</resdesc></distinfo><distInfo><distributor><distorTran><onLineSrc><orDesc Sync="TRUE">002</orDesc><linkage Sync="TRUE">file://</linkage><protocol Sync="TRUE">Local Area Network</protocol></onLineSrc></distorTran><distorFormat><formatName Sync="TRUE">SDE Feature Class</formatName></distorFormat></distributor></distInfo><spdoinfo><direct Sync="TRUE">Vector</direct><ptvctinf><esriterm Name="ParksGIS.DPR.Greenstreet"><efeatyp Sync="TRUE">Simple</efeatyp><efeageom Sync="TRUE">Polygon</efeageom><esritopo Sync="TRUE">FALSE</esritopo><efeacnt Sync="TRUE">2727</efeacnt><spindex Sync="TRUE">TRUE</spindex><linrefer Sync="TRUE">FALSE</linrefer></esriterm><sdtsterm Name="ParksGIS.DPR.Greenstreet"><sdtstype Sync="TRUE">G-polygon</sdtstype><ptvctcnt Sync="TRUE">2727</ptvctcnt></sdtsterm></ptvctinf></spdoinfo><spref><horizsys><cordsysn><geogcsn Sync="TRUE">GCS_North_American_1983</geogcsn><projcsn Sync="TRUE">NAD_1983_StatePlane_New_York_Long_Island_FIPS_3104_Feet</projcsn></cordsysn><planar><planci><plance Sync="TRUE">coordinate pair</plance><plandu Sync="TRUE">survey feet</plandu><coordrep><absres Sync="TRUE">0.000328</absres><ordres Sync="TRUE">0.000328</ordres></coordrep></planci><mapproj><mapprojn Sync="TRUE">Lambert Conformal Conic</mapprojn><lambertc><stdparll Sync="TRUE">40.666667</stdparll><stdparll Sync="TRUE">41.033333</stdparll><longcm Sync="TRUE">-74.000000</longcm><latprjo Sync="TRUE">40.166667</latprjo><feast Sync="TRUE">984250.000000</feast><fnorth Sync="TRUE">0.000000</fnorth></lambertc></mapproj></planar><geodetic><horizdn Sync="TRUE">North American Datum of 1983</horizdn><ellips Sync="TRUE">Geodetic Reference System 80</ellips><semiaxis Sync="TRUE">6378137.000000</semiaxis><denflat Sync="TRUE">298.257222</denflat></geodetic></horizsys><vertdef><altsys><altenc Sync="TRUE">Explicit elevation coordinate included with horizontal coordinates</altenc><altres Sync="TRUE">1.000000</altres></altsys></vertdef></spref><refSysInfo><RefSystem><refSysID><identCode Sync="TRUE">NAD_1983_StatePlane_New_York_Long_Island_FIPS_3104_Feet</identCode></refSysID></RefSystem></refSysInfo><spatRepInfo><VectSpatRep><topLvl><TopoLevCd Sync="TRUE" value="001"></TopoLevCd></topLvl><geometObjs Name="ParksGIS.DPR.Greenstreet"><geoObjTyp><GeoObjTypCd Sync="TRUE" value="001"></GeoObjTypCd></geoObjTyp><geoObjCnt Sync="TRUE">2727</geoObjCnt></geometObjs></VectSpatRep></spatRepInfo><eainfo><detailed Name="ParksGIS.DPR.Greenstreet"><enttyp><enttypl Sync="TRUE">ParksGIS.DPR.Greenstreet</enttypl><enttypt Sync="TRUE">Feature Class</enttypt><enttypc Sync="TRUE">2727</enttypc></enttyp><attr><attrlabl Sync="TRUE">OBJECTID</attrlabl><attalias Sync="TRUE">OBJECTID</attalias><attrtype Sync="TRUE">OID</attrtype><attwidth Sync="TRUE">4</attwidth><atprecis Sync="TRUE">10</atprecis><attscale Sync="TRUE">0</attscale><attrdef Sync="TRUE">Internal feature number.</attrdef><attrdefs Sync="TRUE">ESRI</attrdefs><attrdomv><udom Sync="TRUE">Sequential unique whole numbers that are automatically generated.</udom></attrdomv></attr><attr><attrlabl Sync="TRUE">SYSTEM</attrlabl><attalias Sync="TRUE">SYSTEM</attalias><attrtype Sync="TRUE">String</attrtype><attwidth Sync="TRUE">25</attwidth><atprecis Sync="TRUE">0</atprecis><attscale Sync="TRUE">0</attscale><attrdef>Combination of GISPROPNUM and OMPPROPID</attrdef></attr><attr><attrlabl Sync="TRUE">DESCRIPTION</attrlabl><attalias Sync="TRUE">DESCRIPTION</attalias><attrtype Sync="TRUE">String</attrtype><attwidth Sync="TRUE">80</attwidth><atprecis Sync="TRUE">0</atprecis><attscale Sync="TRUE">0</attscale><attrdef>Description of site, often just the location</attrdef></attr><attr><attrlabl Sync="TRUE">ORGANIZATION</attrlabl><attalias Sync="TRUE">ORGANIZATION</attalias><attrtype Sync="TRUE">String</attrtype><attwidth Sync="TRUE">10</attwidth><atprecis Sync="TRUE">0</atprecis><attscale Sync="TRUE">0</attscale><attrdef>Organization, always NYCPARKS.  AMPS attribute.</attrdef></attr><attr><attrlabl Sync="TRUE">CLASS</attrlabl><attalias Sync="TRUE">CLASS</attalias><attrtype Sync="TRUE">String</attrtype><attwidth Sync="TRUE">8</attwidth><atprecis Sync="TRUE">0</atprecis><attscale Sync="TRUE">0</attscale><attrdef>Class of site; always GREENS.  Amps attribute.</attrdef></attr><attr><attrlabl Sync="TRUE">STATUS</attrlabl><attalias Sync="TRUE">STATUS</attalias><attrtype Sync="TRUE">String</attrtype><attwidth Sync="TRUE">4</attwidth><atprecis Sync="TRUE">0</atprecis><attscale Sync="TRUE">0</attscale><attrdef>Status of site; always I.  AMPS attribute.</attrdef></attr><attr><attrlabl Sync="TRUE">TYPE</attrlabl><attalias Sync="TRUE">TYPE</attalias><attrtype Sync="TRUE">String</attrtype><attwidth Sync="TRUE">1</attwidth><atprecis Sync="TRUE">0</atprecis><attscale Sync="TRUE">0</attscale><attrdef>Type; always S.  Amps attribute.</attrdef></attr><attr><attrlabl Sync="TRUE">PARENTID</attrlabl><attalias Sync="TRUE">PARENTID</attalias><attrtype Sync="TRUE">String</attrtype><attwidth Sync="TRUE">25</attwidth><atprecis Sync="TRUE">0</atprecis><attscale Sync="TRUE">0</attscale><attrdef>Same as department; refers to community board site is located in.  AMPS attribute.</attrdef></attr><attr><attrlabl Sync="TRUE">PARENTORG</attrlabl><attalias Sync="TRUE">PARENTORG</attalias><attrtype Sync="TRUE">String</attrtype><attwidth Sync="TRUE">10</attwidth><atprecis Sync="TRUE">0</atprecis><attscale Sync="TRUE">0</attscale><attrdef>always NYCPARKS.  Amps attribute.</attrdef></attr><attr><attrlabl Sync="TRUE">COMMISSIONDATE</attrlabl><attalias Sync="TRUE">COMMISSIONDATE</attalias><attrtype Sync="TRUE">Date</attrtype><attwidth Sync="TRUE">36</attwidth><atprecis Sync="TRUE">0</atprecis><attscale Sync="TRUE">0</attscale><attrdef>Date site was originally built, if known.  Often approximated to season; 6/1/xxxx means spring of that year, 12/1/xxxx means fall of that year.</attrdef></attr><attr><attrlabl Sync="TRUE">GISPROPNUM</attrlabl><attalias Sync="TRUE">GISPROPNUM</attalias><attrtype Sync="TRUE">String</attrtype><attwidth Sync="TRUE">15</attwidth><atprecis Sync="TRUE">0</atprecis><attscale Sync="TRUE">0</attscale><attrdef>If site is on parks property, this number is the identifying number of the park containing the site.  If the site is not on parks property, the OMPPROPID is repeated here.</attrdef></attr><attr><attrlabl Sync="TRUE">OMPPROPID</attrlabl><attalias Sync="TRUE">OMPPROPID</attalias><attrtype Sync="TRUE">String</attrtype><attwidth Sync="TRUE">25</attwidth><atprecis Sync="TRUE">0</atprecis><attscale Sync="TRUE">0</attscale><attrdef>Unique identifier for each Greenstreet.</attrdef></attr><attr><attrlabl Sync="TRUE">LOCATION</attrlabl><attalias Sync="TRUE">LOCATION</attalias><attrtype Sync="TRUE">String</attrtype><attwidth Sync="TRUE">100</attwidth><atprecis Sync="TRUE">0</atprecis><attscale Sync="TRUE">0</attscale><attrdef>A brief description of where the site is located; most often cross streets.</attrdef></attr><attr><attrlabl Sync="TRUE">ACCESSIBLE</attrlabl><attalias Sync="TRUE">ACCESSIBLE</attalias><attrtype Sync="TRUE">String</attrtype><attwidth Sync="TRUE">5</attwidth><atprecis Sync="TRUE">0</atprecis><attscale Sync="TRUE">0</attscale><attrdef>Handicap accessiblity; AMPS value.</attrdef></attr><attr><attrlabl Sync="TRUE">NAME</attrlabl><attalias Sync="TRUE">NAME</attalias><attrtype Sync="TRUE">String</attrtype><attwidth Sync="TRUE">100</attwidth><atprecis Sync="TRUE">0</atprecis><attscale Sync="TRUE">0</attscale><attrdef>Name of site; often just "Greenstreet."  Most sites do not have specific names.</attrdef></attr><attr><attrlabl Sync="TRUE">ADDEDBY</attrlabl><attalias Sync="TRUE">ADDEDBY</attalias><attrtype Sync="TRUE">String</attrtype><attwidth Sync="TRUE">10</attwidth><atprecis Sync="TRUE">0</atprecis><attscale Sync="TRUE">0</attscale><attrdef>Who added this site to the GIS.</attrdef></attr><attr><attrlabl Sync="TRUE">ADDEDDATE</attrlabl><attalias Sync="TRUE">ADDEDDATE</attalias><attrtype Sync="TRUE">Date</attrtype><attwidth Sync="TRUE">36</attwidth><atprecis Sync="TRUE">0</atprecis><attscale Sync="TRUE">0</attscale><attrdef>When the site was added to the GIS, if known.</attrdef></attr><attr><attrlabl Sync="TRUE">MODIFIEDBY</attrlabl><attalias Sync="TRUE">MODIFIEDBY</attalias><attrtype Sync="TRUE">String</attrtype><attwidth Sync="TRUE">10</attwidth><atprecis Sync="TRUE">0</atprecis><attscale Sync="TRUE">0</attscale><attrdef>The last person to modify data about a particular site.</attrdef></attr><attr><attrlabl Sync="TRUE">MODIFIEDDATE</attrlabl><attalias Sync="TRUE">MODIFIEDDATE</attalias><attrtype Sync="TRUE">Date</attrtype><attwidth Sync="TRUE">36</attwidth><atprecis Sync="TRUE">0</atprecis><attscale Sync="TRUE">0</attscale><attrdef>The last time a site was modified.</attrdef></attr><attr><attrlabl Sync="TRUE">RETIRED</attrlabl><attalias Sync="TRUE">RETIRED</attalias><attrtype Sync="TRUE">String</attrtype><attwidth Sync="TRUE">5</attwidth><atprecis Sync="TRUE">0</atprecis><attscale Sync="TRUE">0</attscale><attrdef>Whether a site or shape is retired; Y = retired, all other values (N, &lt;null&gt;, 0, etc) indicate site is not retired.  </attrdef></attr><attr><attrlabl Sync="TRUE">RETIREDDATE</attrlabl><attalias Sync="TRUE">RETIREDDATE</attalias><attrtype Sync="TRUE">Date</attrtype><attwidth Sync="TRUE">36</attwidth><atprecis Sync="TRUE">0</atprecis><attscale Sync="TRUE">0</attscale><attrdef>When a site/GIS shape was retired.</attrdef></attr><attr><attrlabl Sync="TRUE">COMMENTS</attrlabl><attalias Sync="TRUE">COMMENTS</attalias><attrtype Sync="TRUE">String</attrtype><attwidth Sync="TRUE">255</attwidth><atprecis Sync="TRUE">0</atprecis><attscale Sync="TRUE">0</attscale><attrdef>Comments about the site or GIS entry.</attrdef></attr><attr><attrlabl Sync="TRUE">SUBCATEGORY</attrlabl><attalias Sync="TRUE">SUBCATEGORY</attalias><attrtype Sync="TRUE">String</attrtype><attwidth Sync="TRUE">40</attwidth><atprecis Sync="TRUE">0</atprecis><attscale Sync="TRUE">0</attscale><attrdef>The greenstreet Type.  Type 1, 2, etc.</attrdef><attrvai><attrva>Generally accurate</attrva><attrvae>Constantly updated by boroughs</attrvae></attrvai><attrmfrq>As needed</attrmfrq></attr><attr><attrlabl Sync="TRUE">SITENAME</attrlabl><attalias Sync="TRUE">SITENAME</attalias><attrtype Sync="TRUE">String</attrtype><attwidth Sync="TRUE">100</attwidth><atprecis Sync="TRUE">0</atprecis><attscale Sync="TRUE">0</attscale><attrdef>Name of site, most often "Greenstreet."  Amps attribute.</attrdef></attr><attr><attrlabl Sync="TRUE">DEPARTMENT</attrlabl><attalias Sync="TRUE">DEPARTMENT</attalias><attrtype Sync="TRUE">String</attrtype><attwidth Sync="TRUE">15</attwidth><atprecis Sync="TRUE">0</atprecis><attscale Sync="TRUE">0</attscale><attrdef>Community board site is in.</attrdef></attr><attr><attrlabl Sync="TRUE">CLASSORG</attrlabl><attalias Sync="TRUE">CLASSORG</attalias><attrtype Sync="TRUE">String</attrtype><attwidth Sync="TRUE">10</attwidth><atprecis Sync="TRUE">0</atprecis><attscale Sync="TRUE">0</attscale><attrdef>Amps value.  always NYCPARKS</attrdef></attr><attr><attrlabl Sync="TRUE">COMFORTSTATION</attrlabl><attalias Sync="TRUE">COMFORTSTATION</attalias><attrtype Sync="TRUE">String</attrtype><attwidth Sync="TRUE">50</attwidth><atprecis Sync="TRUE">0</atprecis><attscale Sync="TRUE">0</attscale><attrdef>Amps value.  Greenstreets never have comfort stations.</attrdef></attr><attr><attrlabl Sync="TRUE">GISOBJID</attrlabl><attalias Sync="TRUE">GISOBJID</attalias><attrtype Sync="TRUE">Integer</attrtype><attwidth Sync="TRUE">4</attwidth><atprecis Sync="TRUE">10</atprecis><attscale Sync="TRUE">0</attscale><attrdef>AMPS value.  not a unique ID.</attrdef></attr><attr><attrlabl Sync="TRUE">LOC</attrlabl><attalias Sync="TRUE">LOC</attalias><attrtype Sync="TRUE">String</attrtype><attwidth Sync="TRUE">40</attwidth><atprecis Sync="TRUE">0</atprecis><attscale Sync="TRUE">0</attscale><attrdef>shortened version of Location for certain applications.</attrdef></attr><attr><attrlabl Sync="TRUE">Contract</attrlabl><attalias Sync="TRUE">Contract</attalias><attrtype Sync="TRUE">String</attrtype><attwidth Sync="TRUE">20</attwidth><atprecis Sync="TRUE">0</atprecis><attscale Sync="TRUE">0</attscale><attrdef>Contract site was built under</attrdef><attrvai><attrva>accurate if not blank</attrva></attrvai><attrmfrq>As needed</attrmfrq></attr><attr><attrlabl Sync="TRUE">GSGROUP</attrlabl><attalias Sync="TRUE">GSGROUP</attalias><attrtype Sync="TRUE">String</attrtype><attwidth Sync="TRUE">10</attwidth><atprecis Sync="TRUE">0</atprecis><attscale Sync="TRUE">0</attscale><attrdef>Routing order number used to arrange sites in the order they will be visited in.  Arbitrary and designated by the boroughs.  Not intended as a unique ID.</attrdef></attr><attr><attrlabl Sync="TRUE">Season</attrlabl><attalias Sync="TRUE">Season</attalias><attrtype Sync="TRUE">String</attrtype><attwidth Sync="TRUE">10</attwidth><atprecis Sync="TRUE">0</atprecis><attscale Sync="TRUE">0</attscale><attrdef>Season site was built.  formatted like "Spring10"</attrdef></attr><attr><attrlabl Sync="TRUE">SHAPE</attrlabl><attalias Sync="TRUE">SHAPE</attalias><attrtype Sync="TRUE">Geometry</attrtype><attwidth Sync="TRUE">4</attwidth><atprecis Sync="TRUE">0</atprecis><attscale Sync="TRUE">0</attscale><attrdef Sync="TRUE">Feature geometry.</attrdef><attrdefs Sync="TRUE">ESRI</attrdefs><attrdomv><udom Sync="TRUE">Coordinates defining the features.</udom></attrdomv></attr><attr><attrlabl Sync="TRUE">GlobalID</attrlabl><attalias Sync="TRUE">GlobalID</attalias><attrtype Sync="TRUE">GlobalID</attrtype><attwidth Sync="TRUE">38</attwidth><atprecis Sync="TRUE">0</atprecis><attscale Sync="TRUE">0</attscale></attr><attr><attrlabl Sync="TRUE">Precinct</attrlabl><attalias Sync="TRUE">Precinct</attalias><attrtype Sync="TRUE">Double</attrtype><attwidth Sync="TRUE">8</attwidth><atprecis Sync="TRUE">38</atprecis><attscale Sync="TRUE">8</attscale><attrdef>Police precinct</attrdef></attr><attr><attrlabl Sync="TRUE">ACRES</attrlabl><attalias Sync="TRUE">ACRES</attalias><attrtype Sync="TRUE">Double</attrtype><attwidth Sync="TRUE">8</attwidth><atprecis Sync="TRUE">38</atprecis><attscale Sync="TRUE">8</attscale><attrdef>Site acreage</attrdef></attr><attr><attrlabl Sync="TRUE">PROPNAME</attrlabl><attalias Sync="TRUE">PROPNAME</attalias><attrtype Sync="TRUE">String</attrtype><attwidth Sync="TRUE">100</attwidth><atprecis Sync="TRUE">0</atprecis><attscale Sync="TRUE">0</attscale><attrdef>Property name, if known</attrdef></attr><attr><attrlabl Sync="TRUE">PROPLOCATION</attrlabl><attalias Sync="TRUE">PROPLOCATION</attalias><attrtype Sync="TRUE">String</attrtype><attwidth Sync="TRUE">100</attwidth><atprecis Sync="TRUE">0</atprecis><attscale Sync="TRUE">0</attscale><attrdef>Property location, if known</attrdef></attr><attr><attrlabl Sync="TRUE">COUNCILDISTRICT</attrlabl><attalias Sync="TRUE">COUNCILDISTRICT</attalias><attrtype Sync="TRUE">String</attrtype><attwidth Sync="TRUE">50</attwidth><atprecis Sync="TRUE">0</atprecis><attscale Sync="TRUE">0</attscale><attrdef>Self-explainatory</attrdef></attr><attr><attrlabl Sync="TRUE">ZIPCODE</attrlabl><attalias Sync="TRUE">ZIPCODE</attalias><attrtype Sync="TRUE">String</attrtype><attwidth Sync="TRUE">110</attwidth><atprecis Sync="TRUE">0</atprecis><attscale Sync="TRUE">0</attscale><attrdef>Self-explainatory</attrdef></attr><attr><attrlabl Sync="TRUE">AMPS_SYNC</attrlabl><attalias Sync="TRUE">AMPS_SYNC</attalias><attrtype Sync="TRUE">String</attrtype><attwidth Sync="TRUE">3</attwidth><atprecis Sync="TRUE">0</atprecis><attscale Sync="TRUE">0</attscale></attr><attr><attrlabl Sync="TRUE">SHAPE.area</attrlabl><attalias Sync="TRUE">SHAPE.area</attalias><attrtype Sync="TRUE">Double</attrtype><attwidth Sync="TRUE">0</attwidth><atprecis Sync="TRUE">0</atprecis><attscale Sync="TRUE">0</attscale></attr><attr><attrlabl Sync="TRUE">SHAPE.len</attrlabl><attalias Sync="TRUE">SHAPE.len</attalias><attrtype Sync="TRUE">Double</attrtype><attwidth Sync="TRUE">0</attwidth><atprecis Sync="TRUE">0</atprecis><attscale Sync="TRUE">0</attscale></attr></detailed></eainfo><mdDateSt Sync="TRUE">20120627</mdDateSt><dataqual><lineage><procstep><procdesc Sync="TRUE">Dataset copied.</procdesc><srcused Sync="TRUE">Server=gis2.gis.parks; Service=sde:sqlserver:gis2.gis.parks; Database=ParksGIS; User=tis3654; Version=TIS3654.GREENSTREETS_PETER</srcused><procdate Sync="TRUE">20120627</procdate><proctime Sync="TRUE">15365400</proctime></procstep></lineage></dataqual></metadata>
